{
  "hash": "91234aee",
  "configHash": "6fed4582",
  "lockfileHash": "dd59f598",
  "browserHash": "b9f19cf6",
  "optimized": {
    "@angular/common": {
      "src": "../../../../../../node_modules/@angular/common/fesm2022/common.mjs",
      "file": "@angular_common.js",
      "fileHash": "2648a5f8",
      "needsInterop": false
    },
    "@angular/common/http": {
      "src": "../../../../../../node_modules/@angular/common/fesm2022/http.mjs",
      "file": "@angular_common_http.js",
      "fileHash": "1cbb0c64",
      "needsInterop": false
    },
    "@angular/core": {
      "src": "../../../../../../node_modules/@angular/core/fesm2022/core.mjs",
      "file": "@angular_core.js",
      "fileHash": "ed9031b5",
      "needsInterop": false
    },
    "@angular/forms": {
      "src": "../../../../../../node_modules/@angular/forms/fesm2022/forms.mjs",
      "file": "@angular_forms.js",
      "fileHash": "40cdd22c",
      "needsInterop": false
    },
    "@angular/material/button": {
      "src": "../../../../../../node_modules/@angular/material/fesm2022/button.mjs",
      "file": "@angular_material_button.js",
      "fileHash": "1fda722c",
      "needsInterop": false
    },
    "@angular/material/card": {
      "src": "../../../../../../node_modules/@angular/material/fesm2022/card.mjs",
      "file": "@angular_material_card.js",
      "fileHash": "b402ec3b",
      "needsInterop": false
    },
    "@angular/material/form-field": {
      "src": "../../../../../../node_modules/@angular/material/fesm2022/form-field.mjs",
      "file": "@angular_material_form-field.js",
      "fileHash": "06058400",
      "needsInterop": false
    },
    "@angular/material/select": {
      "src": "../../../../../../node_modules/@angular/material/fesm2022/select.mjs",
      "file": "@angular_material_select.js",
      "fileHash": "51fe8514",
      "needsInterop": false
    },
    "@angular/platform-browser": {
      "src": "../../../../../../node_modules/@angular/platform-browser/fesm2022/platform-browser.mjs",
      "file": "@angular_platform-browser.js",
      "fileHash": "347265ad",
      "needsInterop": false
    },
    "@angular/platform-browser/animations/async": {
      "src": "../../../../../../node_modules/@angular/platform-browser/fesm2022/animations/async.mjs",
      "file": "@angular_platform-browser_animations_async.js",
      "fileHash": "e2e4b11b",
      "needsInterop": false
    },
    "@angular/router": {
      "src": "../../../../../../node_modules/@angular/router/fesm2022/router.mjs",
      "file": "@angular_router.js",
      "fileHash": "c4b837e3",
      "needsInterop": false
    },
    "sweetalert2": {
      "src": "../../../../../../node_modules/sweetalert2/dist/sweetalert2.esm.all.js",
      "file": "sweetalert2.js",
      "fileHash": "2410992f",
      "needsInterop": false
    }
  },
  "chunks": {
    "browser-3XVGGZNA": {
      "file": "browser-3XVGGZNA.js"
    },
    "chunk-QE4ZTCCP": {
      "file": "chunk-QE4ZTCCP.js"
    },
    "chunk-2SE7HYSC": {
      "file": "chunk-2SE7HYSC.js"
    },
    "chunk-PBRAIRTB": {
      "file": "chunk-PBRAIRTB.js"
    },
    "chunk-RRDHXXSF": {
      "file": "chunk-RRDHXXSF.js"
    },
    "chunk-KCVJ4WJ3": {
      "file": "chunk-KCVJ4WJ3.js"
    },
    "chunk-IIADF42N": {
      "file": "chunk-IIADF42N.js"
    },
    "chunk-ADZU3RPS": {
      "file": "chunk-ADZU3RPS.js"
    },
    "chunk-ZPFSHXGQ": {
      "file": "chunk-ZPFSHXGQ.js"
    },
    "chunk-WDMUDEB6": {
      "file": "chunk-WDMUDEB6.js"
    }
  }
}